Ano,Mês,Unidade Federativa,IMPOSTO SOBRE IMPORTAÇÃO,IMPOSTO SOBRE EXPORTAÇÃO,IPI - FUMO,IPI - BEBIDAS,IPI - AUTOMÓVEIS,IPI - VINCULADO À IMPORTAÇÃO,IPI - OUTROS,IRPF,IRPJ - ENTIDADES FINANCEIRAS,IRPJ - DEMAIS EMPRESAS,IRRF - RENDIMENTOS DO TRABALHO,IRRF - RENDIMENTOS DO CAPITAL,IRRF - REMESSAS P/ EXTERIOR,IRRF - OUTROS RENDIMENTOS,IMPOSTO S/ OPERAÇÕES FINANCEIRAS,IMPOSTO TERRITORIAL RURAL,COFINS - FINANCEIRAS,COFINS - DEMAIS,PIS/PASEP - FINANCEIRAS,PIS/PASEP - DEMAIS,CSLL - FINANCEIRAS,CSLL - DEMAIS,CIDE-COMBUSTÍVEIS,CPSSS,OUTRAS RECEITAS ADMINISTRADAS
2021,Setembro,AC,208400.59,0.00,0.00,210907.79,21592.96,452863.52,93448.82,7752390.21,5620.29,9038195.47,8655807.60,505027.29,106693.53,879268.37,627010.20,863673.84,13209.90,12666177.66,1959.06,7577557.85,40141.39,5661754.57,0.00,8249526.55,1198779.41
2021,Setembro,AL,54114.46,1934.37,0.00,1231011.45,0.00,30082.89,12035351.27,38257307.11,646.72,34220526.25,33455375.88,2025679.81,579383.92,2458035.93,1204267.30,2508812.14,448184.76,77331533.12,73393.60,25396653.21,291.02,20654553.03,10958.42,26934476.34,3881535.86
2021,Setembro,AM,83998211.45,95.26,0.00,201552.93,9802.96,17441908.03,5053381.59,25996826.99,309893.88,151983359.67,79258583.16,7477047.35,29870781.10,6964675.34,3721557.13,967866.04,266541.91,457432033.66,43385.45,117515383.67,241602.90,163904983.78,1501856.60,28318473.26,11119355.42
2021,Setembro,AP,112130.78,0.00,0.00,0.00,0.00,4240270.69,264393.71,6260439.42,0.00,5515008.80,5845761.30,80972.80,119482.24,945050.23,277386.82,735354.08,17883.24,12085770.52,2913.88,6008497.68,0.00,3465574.26,0.00,22835636.44,10894.98
2021,Setembro,BA,111623047.44,924.05,0.00,11208707.62,0.00,61510008.39,77810431.18,135065357.05,2508690.86,390971066.25,162584875.51,17235675.34,23195288.29,15752533.40,4008179.19,47316005.05,2636845.22,727958088.11,426959.43,197825369.31,1939147.24,232994888.55,671.74,73594841.25,1680632.04
2021,Setembro,CE,75112020.18,93.39,0.00,5200632.30,6104.84,42963480.36,26873308.42,78071518.59,25906343.73,148389637.67,156553542.87,13992110.14,17714382.70,13092569.10,6955748.64,3323057.52,20014610.97,538438968.13,4159908.53,147933901.90,20330886.11,116665121.08,4055914.50,55871048.26,9660353.63
2021,Setembro,DF,2936040.28,3140.55,0.00,1756701.00,19137.83,1169221.97,2425864.00,142962929.84,57171388.22,402039967.15,3540308781.70,331827673.71,114171113.54,255714944.78,699176787.77,1008783.36,270171729.63,495964350.57,44967504.76,444817069.70,34600574.76,227855857.22,0.00,1490404826.27,727515820.90
2021,Setembro,ES,219467048.60,358.94,0.00,3128191.10,22598122.63,205316666.26,86424857.18,104520567.57,9817904.31,195626448.09,98253146.54,11661600.54,19213309.73,9249735.04,19097273.61,9993613.45,6024134.12,634457255.88,1003968.41,169219790.46,10019339.37,98852691.35,33189.71,33033116.37,14652747.09
2021,Setembro,GO,32391637.56,28634.33,94897.99,6609457.92,20498.99,2760686.91,56952231.26,109221388.72,1108136.28,242027007.04,140695365.21,9738726.44,7190741.06,11174320.14,19282098.32,172651431.91,599935.04,333785553.20,89953.56,124114526.67,883856.58,121109829.51,5005.47,65181348.27,33039510.43
2021,Setembro,MA,1496401.76,228.60,0.00,4074552.96,0.00,908376.25,1417704.95,41398413.55,0.00,55653153.31,41015977.11,1427430.04,1224447.58,3323197.80,588889.95,10021264.71,69447.95,365616443.12,11249.16,97253599.84,254.57,44694098.44,15624523.72,31176626.94,3167369.94
2021,Setembro,MG,139060547.47,68006.81,382151690.17,36159608.13,41172.24,82334237.61,275470799.20,373788112.33,11215693.17,1415552969.87,541563381.88,79179062.92,50748545.85,63823514.54,115049632.04,155455345.11,39024975.18,1343912686.08,6350178.48,441146372.75,8328411.19,651791795.32,188.08,188402471.99,15023792.62
2021,Setembro,MS,568144.04,33580.07,0.00,87232.29,0.00,429699.09,16027132.60,64239068.45,4259.01,122455931.50,58444479.27,5409237.31,884027.87,3670729.78,12557085.69,197575055.07,35659.02,130054592.31,7179.62,52122928.18,32670.74,57616548.48,291.56,26575023.99,8812835.53
2021,Setembro,MT,3885177.88,14517.48,0.00,5425130.28,43161.45,5613655.43,8318494.01,80217560.88,188784.20,170864843.04,90223370.16,7658894.38,2669588.19,5651208.45,33623199.30,197866904.79,362079.77,190671056.11,60244.54,75988143.56,201097.23,122748090.39,198047.94,28520954.23,6332421.04
2021,Setembro,PA,8904764.95,1511.56,0.00,3334015.85,39797.40,4570342.40,27509467.55,49227624.15,20922420.51,115009669.96,86743130.68,3628515.53,2690604.92,5467087.25,27288947.45,22609841.74,14592215.41,215328038.02,2374435.86,76643721.94,18871052.01,66859091.68,2712391.92,50215344.75,6171726.52
2021,Setembro,PB,4378336.78,-797.74,0.00,2908436.99,11735.97,1269115.09,4346108.29,38095649.26,624.47,59162532.26,63264540.52,1999862.41,449839.10,2725783.61,2781463.37,1677261.35,22301.22,83082009.28,4276.59,31421657.16,5328.00,37331792.43,0.00,57815675.32,3802440.33
2021,Setembro,PE,135330092.08,5326.02,0.00,16963564.27,2968496.07,78487855.39,48600219.56,86666478.94,412034.37,165535525.39,149767516.52,12847990.60,6913981.44,9617817.58,4735089.06,3305288.10,1252091.05,529933146.89,210769.62,155779602.57,351678.39,103949751.85,4828788.80,98026700.24,25557232.81
2021,Setembro,PI,4610.99,25.57,0.00,1462249.91,43597.93,0.00,3711856.05,22857812.83,0.00,28861788.17,27975300.12,4741809.39,298056.85,2930152.62,561759.27,17767882.38,34982.60,58708690.54,5956.68,22248147.76,961.01,20102006.86,0.00,25186770.52,1857903.30
2021,Setembro,PR,443266794.44,17081.16,1817.04,6384399.20,12518312.16,230213482.12,210214838.95,571064888.38,19274710.99,692126410.36,468951584.59,52245625.31,54027409.00,29658008.91,87875726.67,178408724.35,11833177.26,1327909501.63,1921410.78,482512608.82,15510277.83,338856152.48,2271194.97,85418199.21,45175266.15
2021,Setembro,RJ,318015563.68,3120.54,3057521.69,16715600.63,15747064.56,208990561.74,168146956.83,551478354.10,108747461.34,2762592240.01,1392901037.50,805994792.58,413404834.33,581954606.46,223614623.29,7560723.00,153045827.22,3461471330.61,24296324.23,981058942.98,98235191.71,1432364373.28,194886528.82,295430694.07,675729568.50
2021,Setembro,RN,370147.88,129.40,0.00,1091577.16,23988.17,200638.31,5204386.03,34742082.66,0.00,52678159.61,49942744.06,2672140.04,799238.52,2781382.39,2232239.69,1512632.31,151030.40,86017573.96,24510.35,34936296.61,4218.78,31503616.86,0.00,45660011.44,3040271.83
2021,Setembro,RO,141842.70,464.48,0.00,260657.51,10907.86,4328.32,7700683.88,21291418.94,459249.10,27729231.29,23093616.68,4446047.71,356371.07,1349411.32,15311127.31,8871448.69,419246.16,45472130.30,67453.70,20686957.31,369224.97,16433263.84,0.00,26200839.79,2945015.82
2021,Setembro,RR,4697.00,12.70,0.00,0.00,0.00,19618.04,42590.15,7669228.76,1763.56,9491799.50,6617339.10,125941.49,28912.14,529985.18,34519.56,1333960.94,5936.13,12139238.63,929.58,6746454.17,2626.66,6082727.37,0.00,13076473.02,487831.11
2021,Setembro,RS,139864570.16,96927.71,76635935.65,21676530.85,32345.02,189001107.17,276232807.28,403438692.19,20340281.27,734586690.34,456705159.14,81557277.07,52690122.90,36961405.16,139848642.77,134253189.87,37710126.60,1174749707.00,6092846.44,335675911.47,28818860.82,354097328.06,3301146.98,146472529.99,37631877.17
2021,Setembro,SC,1157526434.40,307.92,0.00,7656560.55,228523.90,642282676.63,384032839.14,216725016.78,3023331.85,564257344.18,257776901.72,39590778.60,27846317.25,24360696.59,50753815.18,25172308.10,1926037.51,1807042697.51,378908.70,447841637.52,2237095.20,279142752.38,765.05,63832539.54,59336247.89
2021,Setembro,SE,461128.51,40.11,585137.96,1129288.29,6362.73,437.99,8363456.00,25901919.08,1814951.95,26534371.91,28450554.98,2050302.44,2310316.93,2731138.29,5667795.74,1917035.83,2113769.91,103485120.41,355234.48,33448453.55,1838339.50,24913146.65,0.00,22043488.61,3619832.91
2021,Setembro,SP,2432077263.86,410938.11,1149256.36,65287128.16,67158079.01,954352343.05,1482288138.43,1778488225.03,964518808.30,5894859546.59,3608617955.00,1868368140.32,1935377320.70,545569632.73,2817368430.06,278195244.64,1020186239.45,9166307717.66,160311584.63,2322852755.04,802340355.11,2738029699.72,9166769.16,170365680.59,666552437.35
2021,Setembro,TO,103.10,555.55,0.00,467647.34,0.00,0.00,2066674.58,12777451.09,16717.07,35579500.94,14911722.46,459278.14,117325.05,1214193.14,435157.92,27849861.22,32403.05,37399932.50,5550.48,16790257.81,14979.75,23576137.02,0.00,12201796.86,2261764.41
2021,Agosto,AC,88224.55,0.00,0.00,345738.66,0.00,23335.32,70918.31,8331401.19,1912.05,10040181.33,7997383.15,553848.19,165442.61,835832.47,540908.64,32011.90,6172.31,15323373.53,967.65,7235175.38,6167.57,5921733.06,0.00,8252623.26,916847.40
2021,Agosto,AL,8841.13,1632.90,0.00,615368.43,15097.75,4781.48,10555400.56,30979038.60,0.00,39244584.30,32870582.52,1234909.46,377411.49,2639346.14,981394.31,189859.65,34709.55,113397147.46,6351.79,45625717.08,713.67,24155780.40,10928.79,26888728.28,1484007.42
2021,Agosto,AM,87554584.84,-0.89,0.00,3820898.96,14748.45,17581373.87,3499427.97,30689786.68,304046.00,135675109.35,79373238.93,6256724.01,16667564.18,6750165.05,3818298.97,227670.82,265515.89,429768594.48,43023.52,113339321.14,237281.64,146047917.98,1010347.10,20654165.73,43363565.00
2021,Agosto,AP,8037.04,0.00,0.00,1878.83,5190.48,512081.64,221731.14,6994504.75,0.00,8752455.85,5967225.42,78404.63,36853.27,476497.18,249748.85,134155.04,18090.82,14437248.21,2917.33,6268972.29,0.00,4776982.93,0.00,25569043.95,-81995.51
2021,Agosto,BA,91648179.89,8009.38,9605.58,16835277.35,8049.61,56637069.21,61650319.98,129907404.57,1865619.65,253466645.45,171811734.53,9414326.74,15794524.40,17349150.99,4663405.23,1527909.47,2151970.92,497549128.59,343480.98,156959835.50,1508223.11,193801024.78,1468.08,74123533.23,-359627.43
2021,Agosto,CE,87547571.32,26.08,0.00,7275408.97,11298.84,40002921.93,18647807.22,69639768.86,26403710.60,165106262.01,151557071.83,10723595.16,6211584.70,14573750.26,4774536.90,201242.14,7534705.01,432818845.20,4256790.91,132370561.37,20507294.27,117014120.54,3895531.58,55686871.72,11249563.93
2021,Agosto,DF,3426955.80,12.98,0.00,1530099.13,9749.95,1171037.63,2211807.60,118804282.33,52188797.70,436924729.69,3358664172.44,260706888.40,77290976.54,259520468.64,778072256.40,107992.97,243774572.44,525748082.49,41916904.58,411259321.78,24187127.18,282773869.76,0.00,1579670732.00,611289039.20
2021,Agosto,ES,193141688.68,-175.29,0.00,1460401.50,7947619.49,204997344.76,111717474.93,60711147.62,9251228.46,182178859.59,98735264.72,14485740.00,15148879.29,9588336.64,21407970.39,494187.02,6160562.57,539695667.77,1022672.68,146136946.65,9660363.55,95528204.96,36738.24,33100882.46,11701463.93
2021,Agosto,GO,56590093.21,38383.06,114370.43,7575721.94,6748402.23,3474575.04,37145981.29,115038607.60,1251703.96,238808319.93,133626506.42,11976520.95,6097066.12,10731334.69,21187097.93,4579528.86,519071.38,350843864.28,78074.05,125765055.55,1157485.55,120239816.82,5146.44,64674329.27,11441283.38
2021,Agosto,MA,2010733.52,477.90,0.00,4529289.11,8362.79,316987.50,1703689.66,44352679.65,42.90,70533529.18,42215593.79,1510124.67,843133.02,2970402.65,936110.69,1416405.78,70526.98,336375894.34,11367.96,89702236.94,816.74,42311451.06,16068718.10,31153549.09,6611994.61
2021,Agosto,MG,129073134.13,183.01,369682288.79,30945969.89,45518.93,67823315.13,247020559.35,498142444.35,16331505.81,1637037094.38,552005264.02,88071381.00,58104738.05,58779978.96,119947367.35,5122917.81,36765035.88,1281641211.00,5960538.77,407063794.29,13012797.67,754297737.24,875.03,188470704.06,-2437563.82
2021,Agosto,MS,197197.97,352.00,0.00,69743.90,25698.95,624360.25,13487247.31,77160887.62,1655.59,120248010.59,58510973.41,5963319.82,1241822.36,3625342.75,11715405.40,5648899.63,20224.10,139197080.87,3634.26,54666749.94,34185.84,57224953.10,0.00,26489292.25,7675196.41
2021,Agosto,MT,3455493.96,-4.98,0.00,4180577.55,6996.85,2782123.15,7770346.97,84665098.40,359701.14,163117663.64,92526955.93,10221393.22,3067698.68,6113862.34,33845420.44,5940913.08,430517.17,213642775.62,68711.76,80289986.66,401647.48,108105967.00,197602.00,28433159.98,4821277.16
2021,Agosto,PA,7453493.77,473.32,0.00,259899.10,10144.64,6844971.52,23686828.96,54292568.67,18226222.27,120522293.97,84705118.98,4537429.85,3806271.90,9513312.07,36577021.92,1173812.19,13908526.98,194579622.27,2264851.74,71107606.87,16406577.35,68020970.74,2226848.87,49845090.59,7262632.78
2021,Agosto,PB,3552741.12,-284.81,0.00,2822376.50,5839.15,1967516.04,6193842.89,38541318.58,2177.09,55262835.53,58895370.24,2358362.93,160700.63,2291123.17,2930923.53,144925.06,20276.03,79624408.82,3700.13,29725001.23,16640.10,40330510.79,0.00,57313082.77,489996.40
2021,Agosto,PE,135379212.93,8343.03,0.00,24431575.33,2739661.25,76621145.26,48984630.21,88629318.28,244512.28,173097326.02,158072678.24,13279148.38,8854364.30,9851173.52,4618475.61,200212.83,976522.00,688080700.63,164821.91,185441144.34,249310.73,109399972.18,13395277.19,165275886.29,20936313.43
2021,Agosto,PI,101942.79,-80.60,0.00,1490396.32,6386.29,421.00,4622009.94,26981141.73,0.00,34204924.19,27357153.63,1091343.22,244118.07,1903128.44,431216.69,750863.62,43688.56,61099221.79,6587.58,23610806.62,961.01,21852320.55,0.00,25310172.09,2021763.22
2021,Agosto,PR,476368884.16,112875.39,60.11,6551308.30,4484789.70,199852995.59,188254189.53,276635506.98,21918074.45,694182315.81,370084464.34,55499545.34,41849738.48,29722381.22,102211628.48,6663939.66,11794746.43,1284121225.21,2128295.53,347916811.30,17756087.44,336608307.46,42066.68,85284347.09,42564298.33
2021,Agosto,RJ,298295590.34,407.87,3089539.12,11918320.77,15418621.64,180584880.26,112004497.86,574463630.98,168195569.03,4443541114.42,1169959946.54,867833962.49,497927726.88,144914480.31,174618769.85,560074.72,160810342.32,4612986758.12,25942395.86,1166152155.54,150608904.58,2007824771.26,214357628.12,295070229.77,640591767.52
2021,Agosto,RN,475668.81,-10.15,0.00,1122587.72,12342.64,323363.57,3935575.39,37421786.02,0.00,57437981.67,49579381.40,2148681.41,867717.49,2348095.48,2175341.36,92719.74,222069.76,87397380.43,35661.98,36885005.49,1086.10,35607372.69,145.10,45566836.42,2140243.68
2021,Agosto,RO,332389.26,31.21,0.00,358729.89,59300.67,376870.65,7126974.50,34357045.17,412454.29,29106256.43,23989977.72,4806272.27,259163.20,1481496.89,15043235.57,666553.28,415648.47,54668374.20,56517.25,22332800.47,393923.03,16752358.71,0.00,26202205.66,1788767.39
2021,Agosto,RR,15844.23,0.00,0.00,187.22,7118.27,68625.33,89863.21,6694567.37,1386.83,11778339.39,7194350.05,118332.01,42855.56,978504.57,84036.95,110589.20,4203.55,11307188.18,652.79,6478896.19,2195.36,6712161.43,0.00,14222261.30,571570.49
2021,Agosto,RS,126659853.60,8073.73,53694643.91,15364804.48,101863.66,189780463.86,239051789.85,311156919.54,32328007.32,741556262.06,452165532.13,81799386.23,29968470.59,38430461.74,154901732.28,5306302.40,35187305.87,1110127862.19,5895350.09,344630072.10,39612679.28,351854878.58,2703648.01,159362923.57,40732982.78
2021,Agosto,SC,964162406.48,-3332.11,0.00,3058303.23,1368218.00,521338188.67,342635797.47,168664233.93,3047072.70,553633594.93,278072803.25,38551404.70,32595328.03,23776542.68,53486095.81,1503348.83,1846144.85,1693749018.39,286176.99,422242524.18,2594964.12,272693759.11,44.10,60002518.02,43242462.29
2021,Agosto,SE,144460.87,-13.71,458145.46,1813773.57,0.00,1072553.82,8370847.41,28813030.70,3940477.75,31670795.56,30020869.54,2091269.23,726000.36,3174982.01,5038374.93,64520.55,2034424.99,78948407.46,341652.77,27199483.17,4065992.29,22695867.94,0.00,21990013.40,2063728.20
2021,Agosto,SP,2349152222.97,341179.51,1208996.13,59200976.13,62285791.01,981389621.33,1243676591.20,1732088551.77,655398869.49,5266830307.81,3578487298.31,2279952127.15,2063243739.74,820522199.43,2874996679.05,10149611.57,911311761.97,8838848098.90,142199556.85,2263867527.35,898603209.81,2521320836.91,4738802.17,170020285.19,570153267.18
2021,Agosto,TO,1048.40,-19.92,0.00,550632.53,0.00,799653.87,1970122.98,14581780.14,37480.95,26449803.61,15081019.28,421919.23,164213.29,1063437.91,340737.16,1001804.90,31971.49,35059943.04,5459.11,15558951.66,37125.44,17486752.88,10113.64,12136314.08,1185008.29
2021,Julho,AC,81945.00,0.00,0.00,105813.00,0.00,90099.00,83186.00,8855985.00,4989.00,27931745.00,8682271.00,755925.00,96288.00,1172356.00,514496.00,21052.00,10403.00,14884057.00,1679.00,6125531.00,76645.00,14366107.00,0.00,8199842.00,853820.00
2021,Julho,AL,71167.00,1593.00,0.00,814548.00,0.00,476511.00,8690722.00,26747767.00,8422.00,63212687.00,33345956.00,2291640.00,320391.00,2689787.00,1244230.00,108165.00,31856.00,66842083.00,5717.00,22325731.00,15001.00,39648541.00,10904.00,27006791.00,2625706.00
2021,Julho,AM,74985619.00,-1.00,0.00,2686934.00,49569.00,13319774.00,2901205.00,30671627.00,412456.00,398535558.00,83819887.00,6928004.00,44121219.00,7087305.00,3647792.00,195934.00,275587.00,470807353.00,44687.00,120495610.00,275668.00,235298664.00,0.00,26798374.00,19940613.00
2021,Julho,AP,49585.00,0.00,0.00,40.00,0.00,505.00,215910.00,7304498.00,0.00,20301220.00,6224319.00,1027857.00,52031.00,574353.00,247429.00,24961.00,15467.00,10349342.00,2491.00,5933648.00,0.00,8987801.00,0.00,25324186.00,595542.00
2021,Julho,BA,75264127.00,109.00,9870.00,12656748.00,8240.00,50133185.00,59616441.00,125344357.00,2129513.00,577273592.00,177770441.00,22075554.00,13457061.00,17104408.00,8098454.00,1078894.00,2527038.00,483062215.00,413777.00,172363723.00,1316602.00,413664007.00,100882.00,72386570.00,5185028.00
2021,Julho,CE,77162452.00,820.00,0.00,3422101.00,0.00,30537327.00,15606088.00,78722529.00,28854202.00,338447328.00,158500142.00,20396977.00,11175493.00,13216545.00,4926369.00,97338.00,123685.00,416293961.00,24476.00,115376108.00,18032588.00,233103616.00,2159388.00,54381614.00,7403195.00
2021,Julho,DF,3327495.00,-66.00,0.00,652082.00,6363.00,560131.00,4449735.00,107638891.00,74039000.00,675205427.00,3481963402.00,262947663.00,217740028.00,230609188.00,730128025.00,75109.00,290286765.00,525187180.00,79690054.00,380220161.00,48505145.00,335911113.00,1056.00,1526039661.00,656806141.00
2021,Julho,ES,193854004.00,-32.00,0.00,422950.00,10786867.00,235105391.00,100728035.00,61187350.00,2964143.00,355509555.00,100220167.00,17011099.00,20493244.00,9062413.00,23605080.00,505435.00,5587744.00,516821966.00,926205.00,136706627.00,2660720.00,186255324.00,33058.00,33006815.00,9464493.00
2021,Julho,GO,45842830.00,4515.00,86704.00,2575296.00,3603382.00,2557942.00,42033658.00,121878934.00,1109140.00,444234191.00,145800950.00,12609405.00,3865435.00,10369363.00,21392350.00,3262318.00,579644.00,345340808.00,91947.00,118903174.00,732060.00,222473502.00,5129.00,48936890.00,20740274.00
2021,Julho,MA,553594.00,6098.00,0.00,116134.00,11030.00,233021.00,1376225.00,41439397.00,82095.00,129418523.00,43708270.00,1799007.00,389713.00,2993465.00,624240.00,185190.00,71166.00,343359922.00,11524.00,89895586.00,75793.00,73572063.00,9824268.00,31111257.00,1087021.00
2021,Julho,MG,127272238.00,10258.00,369504428.00,13706237.00,50728.00,68998710.00,229423929.00,488696556.00,21984228.00,2689587969.00,556021553.00,89244812.00,129068191.00,58872903.00,117422543.00,1836833.00,38976488.00,1230275858.00,6343764.00,388069283.00,13891936.00,1347449880.00,198.00,187956148.00,17622575.00
2021,Julho,MS,143434.00,-48.00,0.00,125716.00,0.00,242815.00,8280072.00,81320593.00,36035.00,240091127.00,54176077.00,8045861.00,2180679.00,4057469.00,10999983.00,3098520.00,9140.00,130481933.00,1581.00,52372196.00,56096.00,115927763.00,0.00,26527761.00,5648620.00
2021,Julho,MT,1877124.00,16.00,0.00,1080028.00,13462.00,2279480.00,6064655.00,87080636.00,1287905.00,371276686.00,93917348.00,8705957.00,8003112.00,6090251.00,35989825.00,4755303.00,401320.00,217460246.00,66599.00,82698203.00,1186735.00,242172056.00,197229.00,28402182.00,5882556.00
2021,Julho,PA,6616799.00,773.00,0.00,2566207.00,0.00,2776214.00,21789177.00,60334913.00,11912104.00,274895235.00,85164710.00,3687949.00,3639830.00,5563282.00,53335945.00,653025.00,13268747.00,164904822.00,2161469.00,63597175.00,8049892.00,136875196.00,1501466.00,49991595.00,3778155.00
2021,Julho,PB,3841795.00,-306.00,0.00,2341470.00,33401.00,2751189.00,4300241.00,38815668.00,99422.00,93288010.00,60488611.00,2334739.00,559852.00,2561519.00,3086953.00,97331.00,20856.00,81561578.00,3903.00,31698221.00,97540.00,55880679.00,0.00,57092295.00,3456698.00
2021,Julho,PE,110760290.00,822.00,0.00,19083566.00,2084451.00,67298120.00,35902486.00,88784887.00,402578.00,381603286.00,154733691.00,16305419.00,7024752.00,9536984.00,5569481.00,118769.00,1013745.00,613363779.00,166595.00,169804689.00,348381.00,201559465.00,11502492.00,79213509.00,10627996.00
2021,Julho,PI,4609.00,-95.00,0.00,107390.00,17926.00,0.00,3218916.00,26614680.00,10184.00,78332380.00,26932639.00,1465613.00,1161031.00,2291683.00,501473.00,826950.00,29933.00,53828475.00,5115.00,19989947.00,14179.00,48447733.00,0.00,25356749.00,1810793.00
2021,Julho,PR,412149275.00,5353.00,60.00,4086072.00,10826089.00,193341075.00,203290329.00,431755273.00,14323736.00,1367353042.00,362262163.00,81677256.00,48725173.00,30780754.00,94845843.00,2583284.00,18479110.00,1269417363.00,3020965.00,352181750.00,9842736.00,679794934.00,737349.00,85093527.00,46874935.00
2021,Julho,RJ,238887708.00,-1268.00,2037790.00,7725929.00,27027610.00,141062939.00,141057394.00,498253397.00,145762804.00,4346147079.00,1222796302.00,998132268.00,393639359.00,146889450.00,200358078.00,234922.00,150177590.00,4610504344.00,24196833.00,995165674.00,115726619.00,2077393373.00,952392.00,295015283.00,724900563.00
2021,Julho,RN,725873.00,-8.00,0.00,651007.00,0.00,55566.00,5048477.00,35690423.00,18076.00,111517453.00,47769644.00,3718138.00,3176546.00,2530268.00,1226274.00,84245.00,42586.00,81798268.00,6840.00,32089911.00,25314.00,67945249.00,0.00,45467642.00,3036926.00
2021,Julho,RO,83605.00,-65.00,0.00,208973.00,18080.00,56684.00,6544434.00,25077051.00,533507.00,70326860.00,23736587.00,2381025.00,176881.00,1893653.00,15536797.00,346730.00,344778.00,53052297.00,55489.00,21380202.00,393885.00,40207636.00,0.00,26321303.00,2731166.00
2021,Julho,RR,6558.00,648.00,0.00,284.00,0.00,25693.00,43736.00,7228634.00,1821.00,20026505.00,6387360.00,365227.00,37413.00,681524.00,73049.00,166166.00,4370.00,10683252.00,692.00,6604864.00,1944.00,11561639.00,0.00,14280595.00,441341.00
2021,Julho,RS,121332839.00,96703.00,73224947.00,11980259.00,35479.00,175778581.00,226456704.00,371487468.00,40703935.00,1496923984.00,447567054.00,104391394.00,94029596.00,37343901.00,150442333.00,2803584.00,48292715.00,1037635643.00,7977288.00,313839878.00,40970195.00,757054581.00,2936006.00,140810249.00,60523137.00
2021,Julho,SC,997846956.00,-3198.00,1936.00,3339730.00,1616479.00,544796860.00,296728467.00,161919893.00,2664015.00,1219082925.00,257825342.00,48749085.00,19225860.00,23345113.00,54658213.00,987889.00,2084980.00,1620220455.00,352290.00,402950690.00,1580557.00,592436902.00,88.00,66810001.00,49411877.00
2021,Julho,SE,18108.00,-11.00,732957.00,398888.00,16604.00,121120.00,6471666.00,27830032.00,4244966.00,51430147.00,29130076.00,2457746.00,1798278.00,2732756.00,4031493.00,36566.00,2402118.00,53624113.00,401342.00,21600987.00,3508035.00,34414674.00,0.00,22024262.00,3404654.00
2021,Julho,SP,2324098284.00,599608.00,1178820.00,36515294.00,55645141.00,904343363.00,1244222036.00,2022934042.00,1013052897.00,9943406785.00,3690395869.00,2077396332.00,1885650704.00,578796551.00,2768271569.00,5487981.00,1141306740.00,8811042833.00,187578594.00,2207519417.00,744232014.00,4643236241.00,7392231.00,170193767.00,606933335.00
2021,Julho,TO,2292.00,-15.00,0.00,614120.00,0.00,0.00,1579050.00,15468180.00,34127.00,75702084.00,15624440.00,657563.00,242128.00,1254742.00,316936.00,940284.00,32262.00,33491814.00,5782.00,14988336.00,31943.00,48108829.00,0.00,12129424.00,1322192.00
2021,Junho,AC,30612.05,0.00,0.00,207263.88,0.00,291816.63,26222.12,9521864.79,7886.02,7822447.71,8855190.79,536800.39,121662.46,867712.49,485404.72,16302.54,17503.23,14574491.85,2836.16,6925693.74,8538.95,5414655.29,0.00,8197147.85,582569.63
2021,Junho,AL,36632.46,1591.73,748.51,713020.89,4595.26,21125.95,10572021.19,33368463.35,1237.44,29768168.91,33872115.89,1155289.42,324387.71,2454009.69,1174034.59,186195.00,40858.19,65139461.42,7064.30,20029679.89,617.02,18704041.60,10882.64,27271487.77,2384229.30
2021,Junho,AM,75512575.22,-4.02,0.00,2944963.43,97062.19,10741834.88,4702584.29,32452809.56,278628.02,195654146.44,74826018.19,12072763.22,25878136.71,5466856.80,3868987.10,92619.94,249925.35,446827207.14,40483.50,116935550.35,173801.04,144915994.81,1499241.40,27619399.46,60927908.58
2021,Junho,AP,15577.41,0.00,0.00,0.00,1719.21,1591.87,336391.08,7361079.49,0.00,6136005.79,5805364.55,77067.44,88939.33,554837.64,240437.62,14390.42,67377.70,9770417.49,10925.88,4685067.66,0.00,3561994.74,0.00,24113186.82,1098070.33
2021,Junho,BA,87094944.65,-240.70,25459.68,13923102.36,0.00,41480479.39,83332319.79,130238177.91,1807973.55,252210141.48,172397333.99,20506037.79,10018860.05,17688973.71,3301712.47,970947.74,1816931.55,437178829.46,294161.19,141511969.06,1128751.51,204457167.57,1232.34,73489524.22,-22833509.02
2021,Junho,CE,92137592.67,-24.82,0.00,6302146.52,3573.00,38789475.39,24316236.69,71915322.75,27685274.56,128285987.98,146209893.94,17803737.37,11071226.22,12242590.57,4158998.88,173674.66,751891.85,310475575.46,931818.50,93086296.02,18398701.97,94367704.66,833298.80,54901533.31,18742677.08
2021,Junho,DF,2667135.72,134.27,0.00,2406998.35,1000.00,957959.45,5544985.10,311490376.13,61818056.05,865018452.69,3381455337.63,500952360.88,250909257.91,187871727.65,590661846.54,268168.97,291283078.80,558782970.80,48139318.43,470428130.16,18581410.24,393954016.79,0.00,1396309200.77,840337585.34
2021,Junho,ES,179915671.97,-46.52,0.00,1506849.43,19519133.66,217449021.13,91142727.16,69432194.90,7249435.44,161554354.71,95385320.98,14571405.40,59794140.56,8729967.60,17361518.26,424456.73,5700893.43,501183849.43,947978.02,135422092.19,6248399.86,79879127.96,33006.90,33034150.75,11495740.86
2021,Junho,GO,40884667.51,37.80,99138.15,8561525.01,47443.79,4464965.87,34827413.35,155322443.05,804032.80,179298280.03,129661347.78,9607104.65,3949671.21,9843529.99,18156606.94,5348641.87,510391.23,288222009.48,77043.72,106448266.98,533950.76,88978179.84,4953.22,53223902.81,18165836.48
2021,Junho,MA,2477779.86,-2.39,0.00,3872787.86,4889.43,812241.52,1248276.11,48040610.99,1025.97,47082542.02,42437099.80,7339740.67,718769.41,2851571.34,584585.92,207649.57,70626.35,220792176.32,11446.29,64611914.22,792.37,29815212.14,5197490.65,31100105.38,2591714.54
2021,Junho,MG,131515306.77,-1375.28,363770254.68,39426821.56,49773.38,74510702.62,182825064.58,494296592.11,11312488.58,1087936333.54,520574758.29,67800653.23,135648765.96,49454229.93,99318041.45,3837680.11,36079560.65,1099103692.06,5870544.55,349019437.27,7011879.11,493997193.45,187.05,187923795.44,56608150.78
2021,Junho,MS,52433.56,138607.79,0.00,87108.14,0.00,545162.01,7641196.13,98472720.22,25570.86,110206477.34,57712687.50,5143069.80,3296593.85,4030002.25,10586719.07,4648864.85,10194.92,120754451.41,1684.65,48367910.57,27586.19,49626683.06,0.00,26705103.87,14795480.22
2021,Junho,MT,3154518.25,3279.39,0.00,4660742.64,16227.64,2915224.03,4745474.49,99750341.12,164590.72,153351571.93,88620842.97,7044074.18,5991997.76,5423020.66,29740590.06,3603627.10,350124.50,176564208.41,59004.35,66247657.44,233013.37,112170925.36,393814.45,28259858.67,13911346.98
2021,Junho,PA,19599199.98,402.01,50.67,2767062.96,73135.41,4129759.39,22677353.24,61200473.15,14316241.75,97124724.16,91598017.87,3397729.13,4066480.08,5334438.51,40664002.70,658288.50,13007631.68,156452975.14,2117118.38,62403093.87,10060996.66,53015879.74,733298.80,50203298.41,7592684.76
2021,Junho,PB,4473653.17,-358.60,1490.53,2478840.62,49668.02,3605814.85,3697079.87,48168717.41,1389.72,38979384.71,59717055.89,1650965.58,538715.45,2426146.56,2913615.42,149298.57,22669.61,76200172.68,4081.84,28037526.46,3638.18,26835877.51,0.00,57111231.30,2646895.37
2021,Junho,PE,120153445.95,4324.73,0.00,22537015.90,2546822.82,76987071.33,39342424.39,108739505.58,208872.04,193473566.59,150373238.13,33194825.82,13359062.17,9130615.24,6341791.04,2207156.11,1361204.63,514590947.53,228125.27,146847863.60,159925.52,128697071.39,6163721.89,79384609.09,2203352.72
2021,Junho,PI,4597.11,-93.52,0.00,1977000.43,0.00,414.22,2867545.14,30998716.45,0.00,26950396.99,31380097.66,1384699.97,1590325.40,2769326.14,465969.58,692870.99,39968.46,46025912.78,6755.43,18224860.15,961.01,17513700.91,0.00,25444536.56,1968340.86
2021,Junho,PR,396317827.04,5738.78,60.11,6420033.04,11871436.07,191456467.84,171548761.82,359578756.78,19070401.34,615561719.75,370159285.37,82300185.93,55094585.34,29576702.61,103430698.30,2736353.65,12191719.47,1223374694.13,1985720.42,341399019.26,23888134.53,282217553.00,9649643.53,85315339.79,144980891.18
2021,Junho,RJ,258289518.36,183.46,3000038.80,17385208.52,24952100.76,180165621.62,103873695.48,571188719.84,144855868.76,2500840687.98,1230693757.15,2044858019.08,373835360.07,149989677.16,166142227.66,381967.71,159117525.22,2505941329.51,24367268.42,794214122.64,89698959.52,1178650363.02,698171.77,296278805.28,687540221.02
2021,Junho,RN,214297.84,4.67,0.00,784131.65,12585.35,162685.43,4357444.99,41535653.69,0.00,41322039.98,48677301.75,1688399.60,668747.14,2303980.63,1498989.35,55605.85,128969.03,66762507.49,20912.76,32422587.50,908.59,25847708.70,0.00,45421974.10,2585006.61
2021,Junho,RO,6720.69,-112.32,320.69,207623.20,28982.09,4328.32,6127190.19,26612765.48,475720.64,21442480.93,21500603.31,2362994.55,280488.02,1648822.05,13333921.75,193233.93,332463.41,45055665.28,53411.90,18028018.99,351780.49,12460451.26,0.00,26405621.89,1350849.92
2021,Junho,RR,18358.34,0.00,0.00,0.00,22195.32,19524.67,29292.33,7505854.81,2091.89,8120433.17,6443736.29,119790.72,59368.10,785339.16,28766.11,86730.80,4322.98,9821692.37,688.29,6281448.35,2094.93,4931266.73,0.00,14377895.40,1587593.73
2021,Junho,RS,130994246.88,50102.37,64077040.01,16860262.58,57105.99,193850701.71,195037937.98,418235933.55,45735660.27,589226031.60,434092576.89,87006921.34,46608664.52,37813921.15,138663964.04,2563796.01,48648899.88,1056778976.30,8061682.04,307646884.78,27782610.47,286766607.82,1660316.13,141011551.98,37347057.33
2021,Junho,SC,872951479.25,-3537.97,976.61,6998361.38,1045565.00,490797494.03,293031461.24,220501220.90,2181633.91,543678499.94,259540822.33,36393115.70,22750529.33,21713295.33,49089184.55,842326.85,1947024.57,1494306972.06,329798.33,375089523.42,1339012.61,263485315.47,0.00,59339499.75,39768812.92
2021,Junho,SE,229671.38,-349.83,498272.00,1747891.65,0.00,992738.53,8950313.53,33556057.52,275475.54,23946220.13,27729979.50,2264799.97,1249719.91,2617436.73,4010528.43,107729.23,1887537.16,47911415.59,317374.21,20652116.43,229777.65,20373623.94,0.00,22020485.42,3098070.86
2021,Junho,SP,2069675301.06,338216.37,1093736.72,56626362.03,145126049.08,861448275.09,1222740023.91,1778740766.29,1143334311.48,5499464605.62,3569118612.82,3923025432.71,2210421307.54,588714917.93,2553539805.69,4299138.76,1004401188.98,8178652857.31,143393473.35,2069759921.89,704494154.09,2394232607.69,7028658.77,170997759.99,582865367.72
2021,Junho,TO,1109.96,71.44,0.00,481629.03,0.00,0.00,1178253.86,18679629.94,35272.66,27111019.08,16268902.32,392202.31,1196540.72,932261.46,598683.39,1214451.29,29414.56,26731352.79,5138.20,13711681.41,25781.08,21410900.68,0.00,12110715.82,1543362.20
2021,Maio,AC,80558.09,0.00,0.00,183946.95,0.00,23317.66,27936.97,12895071.32,6996.50,10498535.32,8337603.05,477889.75,95196.28,840595.35,473994.95,32302.71,16839.81,13824770.78,2436.34,6727409.08,10131.13,6370192.82,0.00,8195520.29,593765.09
2021,Maio,AL,52831.63,1585.73,0.00,563240.71,14763.19,24819.66,8073991.66,74852358.80,1548.53,32301784.59,33771596.04,968860.18,257877.34,2093668.22,1047785.56,191522.61,30525.55,54542612.43,5623.07,22784519.85,870.57,18980339.27,10864.02,26520420.77,4221565.26
2021,Maio,AM,70948662.20,-3.26,0.00,2946608.78,104838.02,10136926.07,3857699.85,52364473.23,292139.53,217338797.64,78472105.61,7790043.53,48720897.80,5631168.93,3976574.74,111785.79,249766.45,387984430.03,40597.00,103358822.66,187472.08,155352361.39,0.00,27586961.48,43754938.10
2021,Maio,AP,4046.41,0.00,0.00,0.00,0.00,24898.24,274886.29,10793707.59,0.00,4762299.17,5497313.65,88897.63,149988.35,178345.56,59511.64,10891.58,5352.52,7494103.57,777.34,4550797.40,0.00,2388466.90,0.00,37134391.20,1777337.83
2021,Maio,BA,84356909.24,539.72,23596.51,12362535.42,3262.05,45247787.14,78236110.21,273171141.37,1830837.16,327801399.83,151498842.20,13179262.82,17412973.27,13892571.82,7182940.92,1741408.95,1965677.57,464096774.14,317034.10,143673491.61,1113608.54,206855577.01,873.00,73361585.53,45625328.17
2021,Maio,CE,97257331.69,-49.27,0.00,8935132.81,19225.40,46172026.90,47543435.68,207704711.15,24845615.78,120693043.28,165586967.90,11305593.37,5755245.68,12289165.09,4384924.73,137708.62,24991774.35,332898282.77,4067398.10,99068620.78,15576460.09,91118237.77,5701.28,55277389.40,49657440.35
2021,Maio,DF,2829083.26,975.27,0.00,1534297.19,8649.20,698717.61,1586008.99,293568324.38,578821864.18,333672820.05,3175575208.71,260518794.94,152844613.82,160435235.06,623331980.77,94441.02,291870909.06,507180442.45,49198111.87,368288687.70,450083587.24,161636227.74,0.00,1487322185.09,817607091.98
2021,Maio,ES,248620834.47,-155.40,0.00,1816381.56,9033035.67,198654730.06,80894640.94,177897441.93,7580563.91,159488262.89,100083472.42,12040397.26,12229613.00,10867434.82,16900093.66,89898.90,5362945.37,536849361.21,889210.25,143533826.98,5868380.52,79403609.84,32962.07,32561167.17,26386909.18
2021,Maio,GO,47518806.59,2001.83,47437.82,7362261.58,16339.31,8552066.06,30258527.36,365047697.42,1203649.86,166230080.13,139553318.60,7388322.37,14898096.98,9736120.34,16094725.28,3607748.69,446354.95,284775683.39,69250.63,106155233.63,819349.66,84702612.65,4940.41,44930320.59,38396119.72
2021,Maio,MA,865702.56,-13.84,0.00,2717021.50,0.00,267226.73,987105.86,66265196.05,6301.38,37825517.90,44509916.67,1643422.95,352684.25,2566567.41,595798.92,439178.59,71147.16,212493405.48,11524.37,62159224.07,7243.45,26408243.06,995.87,31016472.22,3266740.11
2021,Maio,MG,155283602.31,-1911.98,365204377.81,26180110.69,22925.57,76322515.66,163031642.73,1193447919.19,11302048.78,1133985424.34,661242950.42,61842340.03,191868735.71,45848428.42,103115251.05,2401959.83,37119500.64,1111236582.08,5754781.63,354658166.04,6917332.06,512476764.16,428.00,191565237.42,64399582.39
2021,Maio,MS,123498.87,-89.19,0.00,82677.98,0.00,637987.86,14006131.71,277092539.77,1392.36,130741985.86,56122471.49,5626150.13,871379.82,3770561.69,9340447.78,4348559.55,10894.93,114682076.48,1611.32,48140974.89,13982.19,60409160.42,0.00,26300770.32,10293880.29
2021,Maio,MT,4832250.30,-10.93,0.00,4542839.09,45.00,2734876.62,4381944.68,290586998.30,134734.48,148174700.75,91046808.88,7461598.09,4289639.55,5061141.77,36846380.57,4659509.03,301448.76,171809064.15,47330.77,66816926.80,206387.56,109046120.95,196627.25,28164583.29,7682453.96
2021,Maio,PA,6156665.44,1271.67,0.00,2277844.34,0.00,7218193.63,23196079.67,96922545.48,81253507.87,95542915.71,84974885.24,4802667.14,4258453.69,4713101.70,27021997.88,472868.38,18495998.15,160145350.38,3008568.98,60733229.35,63489908.76,55083421.63,683116.00,50071337.55,6103801.69
2021,Maio,PB,3347527.52,-392.90,0.00,2670142.02,52968.71,2273339.43,2960289.02,95797312.46,1081.55,37888257.17,59049552.35,2225853.33,173122.90,1961683.89,3457616.41,171190.24,24602.63,71759078.36,4737.52,26969583.09,4064.19,26551498.14,0.00,57074367.04,2403910.04
2021,Maio,PE,109406931.24,5439.66,0.00,22629739.24,2626544.10,63556243.29,38518932.21,194509365.66,97600.58,171523287.61,161115780.70,11168562.27,6627869.99,10507848.60,3939444.89,445782.60,1295968.00,536017359.05,217233.41,151154933.06,66997.76,110689324.87,29115.01,79923452.81,18778561.07
2021,Maio,PI,47881.49,-3.76,0.00,1432905.55,10965.77,0.00,785569.91,59317156.51,0.00,22656329.69,28249744.02,746616.29,158678.35,2158250.53,422276.33,707047.80,34624.17,40608781.99,5897.42,17014014.02,961.01,16057140.37,0.00,25216041.58,1356836.73
2021,Maio,PR,480030543.73,-407.43,120.22,5658694.19,10453815.34,226201599.95,151646382.98,966305109.23,13835904.13,570228555.47,397425992.43,49116280.43,35623822.65,28982695.22,88558853.13,3551949.24,12257715.05,1258657416.46,1973378.14,341071995.35,9392714.12,273901852.86,297269.22,84865870.27,56569053.93
2021,Maio,RJ,275787526.65,-2949.66,3602558.44,16241312.84,10576332.44,154947432.07,88071048.81,1185800473.90,331206806.88,3111522499.98,1791120986.13,736373314.67,805648110.80,126218532.60,153234749.42,302005.22,266983174.63,2085019464.06,46027063.09,584138546.38,200589251.61,1401761340.22,160700068.59,295992744.68,640876716.05
2021,Maio,RN,625362.44,-8.39,0.00,906354.94,0.00,390379.08,4701385.52,82930314.58,3165.33,33398853.33,48673095.10,1833181.95,2372441.09,2332182.65,1417118.79,54459.00,95557.01,71890029.55,15429.10,30640310.53,2041.34,21155616.70,0.00,45526169.29,5363637.14
2021,Maio,RO,555157.70,19.82,320.69,205865.81,31693.30,537841.44,7351334.68,52801011.00,459559.33,23531343.57,21675449.24,1981044.06,188242.64,1349458.66,11308806.17,205711.69,434328.54,41680526.86,53370.47,17790139.92,331283.59,13022349.21,0.00,34367929.34,1501336.30
2021,Maio,RR,2720.90,0.00,0.00,0.00,29.91,12968.03,25225.34,12879218.25,659.08,8114412.31,6454339.99,106604.70,46656.34,1238003.59,52024.56,148248.77,2191.69,9432875.34,241.93,8269741.59,1770.47,4915794.15,0.00,14329783.22,739285.44
2021,Maio,RS,123631257.05,1084.26,39654813.41,14548534.13,22542.62,167779410.09,177308160.38,967309634.41,38991365.84,631997292.65,464589176.31,70681522.63,37316383.38,37505250.56,139422316.13,2185619.21,48932907.78,950948699.38,8083786.60,293081323.33,24418090.68,302959657.58,1525472.29,140598797.51,48568842.15
2021,Maio,SC,1124268565.86,6541.98,3457.17,5049112.66,283571.86,613011977.70,258773679.56,464239011.03,4206934.88,486518989.01,266080450.36,33778277.04,26365077.98,21677476.30,49400193.57,678796.75,1818764.30,1669083785.52,278956.97,415350020.02,2719803.38,232447779.36,408.93,63019947.52,55937324.64
2021,Maio,SE,13188.55,-172.55,64425.00,330462.85,0.00,437.99,4210297.67,72856654.97,482092.75,24903770.25,28212011.68,2123899.41,2256824.94,2405858.50,3719901.40,41736.93,1806175.73,52499805.51,303710.73,21014475.76,395732.36,15344403.81,0.00,21977606.17,1471606.20
2021,Maio,SP,2365364831.03,352637.22,1169112.00,52292555.14,90804713.32,975560711.80,1068951499.53,4083826684.03,1256909252.78,4511386366.12,4035340872.78,1953122596.25,2068743753.50,712204981.26,2615993757.19,5033079.90,1217934199.96,8357136377.65,144105921.85,2092472755.64,803587497.66,2092442476.02,8282562.82,170536318.53,635486590.12
2021,Maio,TO,281.63,-41.47,0.00,365575.73,0.00,0.00,1634769.55,31952370.95,58218.55,23379458.98,14604662.50,348595.70,89349.20,809448.76,799040.13,982400.51,40970.82,27532367.18,7426.51,13164565.18,41211.63,16570975.65,7229.33,12094577.38,2461138.00
2021,Abril,AC,1696.93,0.00,0.00,178533.71,0.00,379694.48,60790.61,3745483.57,3385.33,13555527.04,8073525.35,2273471.91,107539.55,716901.14,542509.28,33678.36,7158.20,12483696.81,699.75,6759460.71,8100.62,8298652.70,22.20,8205264.43,639021.54
2021,Abril,AL,8118.53,1582.90,0.00,628703.50,15691.43,356068.92,7020339.83,17872058.32,11645.57,51539726.23,34061496.05,1148023.26,415738.65,2318162.89,1110570.44,122218.60,47579.83,78564579.66,8852.14,26138378.54,16269.61,31292843.01,10849.63,26941929.09,2657921.15
2021,Abril,AM,93893842.78,-4.24,252.12,2255764.25,48434.52,15253803.83,6064085.41,20118526.20,300731.18,265230727.06,84131182.70,10275297.17,18071173.23,5802263.54,3585756.63,128805.97,239292.61,472119012.61,38809.28,120316095.73,191641.67,186520156.35,2030221.20,33615827.66,19887160.67
2021,Abril,AP,4275.87,0.00,0.00,0.00,0.00,1235.01,236595.14,3442264.79,0.00,18694753.73,5334226.53,100615.15,30630.67,455833.90,158079.81,6895.48,5142.97,9850333.69,768.52,5561104.10,0.00,8417514.88,0.00,24147209.44,-452797.31
2021,Abril,BA,87085689.63,1359.52,6343.48,14004506.58,2672.21,62786167.40,87965947.73,76010458.13,1471729.72,456300426.24,215937014.27,18631746.81,15600046.90,17291586.94,4457628.20,723162.49,1643165.98,453621356.57,266882.73,144379951.04,965395.93,299442002.59,0.00,73343280.51,9659125.01
2021,Abril,CE,78754097.42,60.10,0.00,6198990.83,0.00,39646161.16,34647483.88,44023660.42,27248524.41,300511233.41,148414655.30,11390649.66,15442814.47,12100381.65,2940676.06,471950.18,27167397.74,291765556.01,4427143.27,90178883.60,17006989.50,188589224.81,1043390.65,55845019.40,5759372.79
2021,Abril,DF,2829527.49,341.97,0.00,1317906.24,12674.16,1068564.25,1978105.51,205924231.79,75827651.60,962377078.11,3200221083.37,293043495.07,192174680.18,604485599.86,589664027.07,70077.92,245530449.22,524825049.36,40550410.35,360720662.01,50033983.43,446769007.88,92.20,1438889944.56,577512665.17
2021,Abril,ES,221652576.01,-141.49,0.00,1194052.87,18245535.13,192557174.12,82561885.89,42559041.06,9428637.84,301907363.04,105102377.55,10332332.20,13788374.22,8322209.06,15018892.00,130768.72,5423482.93,484834031.14,902037.14,133504919.42,6807768.75,148070390.39,32927.13,33009380.91,100301237.08
2021,Abril,GO,49182049.55,2272.91,125931.85,3837434.83,1357892.76,3467774.44,28962807.19,85719340.07,780354.54,354910072.54,131295675.29,11302382.80,9702511.23,8952051.57,16319171.12,3512104.57,458684.50,276091121.96,71093.16,103593541.46,563771.61,178063896.99,4930.43,48927713.82,16667587.97
2021,Abril,MA,4182590.71,2891.35,0.00,2579088.04,3660.68,617787.25,836908.83,21687582.11,48891.23,90897024.76,39373538.98,2024630.95,401581.13,2699483.91,717040.05,147685.41,72527.91,67150892.13,11761.08,32118736.90,72447.78,61508298.01,2107.33,31015378.06,6981959.22
2021,Abril,MG,144398502.36,-1029.44,363220026.86,35323931.87,15758.38,79245064.44,220165111.12,296919260.81,14970771.65,2212530578.49,560040920.71,99643575.56,62285033.96,52805378.38,101453427.08,2820680.70,38690205.20,1169927964.87,6168445.20,373625931.65,8488379.05,1004135034.55,0.00,184158732.19,-50332371.76
2021,Abril,MS,240099.52,-78.99,0.00,41717.72,0.00,532012.61,9891708.13,46926550.26,29831.77,202052926.33,56434603.76,5320891.64,715245.69,3331651.09,9879867.97,2894638.97,9074.96,115952305.47,1522.55,46581889.38,27457.71,96967002.51,0.00,26437997.76,3442342.16
2021,Abril,MT,3776668.25,-5.66,0.00,3248482.85,0.00,2521178.72,3813368.21,52856401.71,903351.13,317445164.98,87662008.95,13073772.00,7561814.37,5000559.30,26305358.05,4415254.28,262102.49,161135834.02,44020.74,68002435.79,676468.95,218824210.94,0.00,28070249.26,4500518.24
2021,Abril,PA,13605141.57,-308.11,0.00,1253818.13,2806.98,5338127.71,17391757.34,29443704.70,21231636.36,214997043.58,101387278.04,3484869.13,4802998.34,6837519.67,26446918.90,622722.03,14223214.69,143166422.33,2315272.42,59358849.65,15503480.40,102865495.95,1043870.60,50197459.92,22102529.49
2021,Abril,PB,8984253.37,-1295.75,0.00,2070943.29,47560.07,2469101.28,2787593.56,23670038.84,61970.36,82516855.72,60004233.30,2066045.63,149780.32,2048991.65,2777351.15,251639.44,18408.19,74865061.68,3359.51,28892984.23,59788.91,55513931.19,0.00,57063120.11,5478121.59
2021,Abril,PE,163282829.53,4394.57,0.00,19364216.13,17637907.65,81612367.94,45908162.00,58655582.53,145049.57,350147330.65,152694033.21,16053780.11,9103353.02,9134216.37,4900423.44,169627.18,1438248.63,565593623.77,241161.83,156606897.71,100051.23,208310932.78,28967.66,80422428.62,16510865.02
2021,Abril,PI,4132.73,-3.29,0.00,414385.33,15851.00,0.00,1120762.02,14007966.19,26754.49,64123208.63,26483750.49,1594817.95,796483.11,2185105.85,491192.66,666204.83,30891.31,41979403.82,5305.52,17347296.36,24775.98,41335720.06,0.00,25285940.26,42075.96
2021,Abril,PR,422288791.22,434.88,120.22,6474953.25,44720063.97,191195811.00,145640004.47,239238510.07,16264491.02,1303569549.68,397673264.34,59565223.21,36976882.20,29636294.19,84089413.01,2369237.51,12820446.72,1194740385.95,2175642.93,326835744.56,10167817.40,633565615.62,6667938.60,85382129.20,42655383.61
2021,Abril,RJ,311444524.52,-494.55,4163737.86,14181897.38,30100576.35,176695601.89,122949576.23,487915437.26,141180104.50,3551507479.95,1557689082.25,744645217.45,398563971.49,136358340.25,165854493.19,1918345.24,155684597.84,3100042923.95,25088870.86,803489136.57,89139781.32,1653484022.56,137046869.73,295815036.11,636259494.02
2021,Abril,RN,913374.32,-8.70,0.00,1290935.97,0.00,503564.44,5009958.01,32490100.46,7511.65,110189875.47,48699548.81,4918965.51,3688615.52,2999326.47,1817356.91,57540.56,49322.16,70974959.57,7948.20,31865849.39,30800.33,57733514.96,0.00,45675892.66,2477038.75
2021,Abril,RO,5351.81,-57.21,320.69,140075.48,4727.10,65998.89,5241954.01,13426984.64,380682.95,55668050.49,23012770.09,4692116.33,1638311.35,1945814.04,12388264.10,331221.18,317440.09,40376500.72,51105.82,17353374.04,296586.35,33473777.39,0.00,26375497.34,1108645.95
2021,Abril,RR,5771.85,0.00,0.00,0.00,9452.42,18533.74,34406.91,5034899.70,1419.63,19810728.25,6762152.16,156958.89,46177.10,1081512.03,45710.43,67078.38,3274.68,9037639.47,524.65,6328469.27,1312.32,10852849.55,1863.75,14448275.73,633753.44
2021,Abril,RS,155320431.26,27789.45,84793869.97,15429385.11,40900.79,158232198.85,193824052.04,246308089.44,54267854.52,1364225454.94,450902074.98,86480193.95,52375295.65,39774711.19,117478378.37,2258232.88,47792981.16,1005329965.45,7900319.18,304699643.96,33822030.06,627448589.29,2151831.11,140515650.81,36564200.63
2021,Abril,SC,977965625.82,-2461.45,0.00,7916502.34,838363.06,514515543.82,218588141.93,159231572.60,2163984.18,1072272720.23,255445854.77,55842496.02,31181822.68,20405743.73,48398306.45,654256.30,1709163.26,1578719312.38,295444.71,396531444.08,1405305.91,515693682.30,0.00,62906945.33,34445364.61
2021,Abril,SE,107991.28,-2.00,0.00,170068.73,0.00,1077.85,3920284.73,19181400.21,2366467.22,53343260.00,25780568.96,2076856.95,457302.16,2447049.01,3165743.88,32489.70,2024820.16,52269772.31,339945.61,22817948.35,1965325.71,36324071.25,0.00,21903985.39,773905.22
2021,Abril,SP,2334502376.16,337810.59,906226.02,38364988.87,163020280.50,978509769.69,1127061656.01,1423217401.61,646269657.75,8880840774.92,5218346722.32,1823360273.23,1755240676.92,784753141.92,2414933461.96,4605503.31,824585827.48,8630387291.37,134579239.05,2230474856.51,414283495.11,4048569694.57,84447.65,170522304.28,436658382.51
2021,Abril,TO,0.24,9.97,0.00,190694.89,0.00,0.00,1549442.95,9593076.30,25547.20,38396323.46,13660264.87,863000.13,259129.43,2245399.46,265085.68,916517.04,28520.37,29389241.12,4911.80,14072669.99,26629.23,21139723.89,0.00,12093668.76,2662964.51
2021,Março,AC,107951.86,0.00,0.00,95485.11,0.00,15061.43,53736.78,2665914.16,5898.21,9817033.14,8036915.46,478504.22,167794.16,716759.90,407045.09,32321.14,16604.07,11931301.40,2695.87,6144410.26,7638.40,5398373.44,0.00,8194606.14,648694.42
2021,Março,AL,21125.90,1583.71,0.00,633332.04,4426.93,4139.30,8516552.49,12374660.47,25.41,28552817.32,32294587.57,1057328.67,1151714.98,2272499.98,1042455.12,135552.16,43030.22,77725918.00,7538.16,24672340.65,25.41,18477976.31,10728.72,26876934.29,3778515.59
2021,Março,AM,75174647.53,-3.33,0.00,451344.38,17786.20,13471429.16,5642206.94,13940289.89,247980.72,188994254.95,85326427.13,7447757.80,35632068.91,5461352.42,5534729.30,77681.60,239408.27,375224240.26,38870.04,98527050.89,158016.33,187305279.86,0.00,27452206.49,17175975.67
2021,Março,AP,7571.61,0.00,0.00,0.00,0.00,2842.50,421085.97,3065142.25,0.00,6834020.40,5495171.81,106470.60,99997.21,351056.76,242754.69,8532.11,15786.07,7832783.90,2520.66,5568379.51,0.00,3424642.87,0.00,24161398.11,405666.34
2021,Março,BA,121349852.66,1534.98,8959.60,16393721.91,11956.95,65753311.61,74820924.55,48986521.95,16386131.16,313293821.52,159321673.22,14646707.51,17418974.69,15252284.62,3575349.93,1543804.04,1760799.82,495990296.09,285566.45,147127557.69,19036993.33,207355619.70,0.00,73177761.58,16848412.39
2021,Março,CE,113241072.64,-37.33,0.00,7784196.68,0.00,52679282.28,37897330.94,36516585.95,24196149.40,134673187.92,145491356.89,12849571.86,13037949.36,12116136.55,3192326.35,92183.56,24216157.82,358625296.58,3942219.28,106107361.75,15111838.39,85743258.22,3591040.30,55940404.77,17622616.46
2021,Março,DF,3820579.50,1.95,0.00,2150593.89,0.00,874230.71,1823367.82,84914637.70,177077883.34,352340412.72,3048199627.91,301163454.59,154554398.70,138586582.75,571603947.51,411965.67,238546894.81,477572183.43,39452559.25,465922894.89,132684777.82,188989518.86,2224.39,1438725108.40,678540837.55
2021,Março,ES,202410898.47,-215.57,0.00,489082.93,18485261.19,209825685.00,77008415.93,55744067.39,6220220.75,167227614.10,85368136.18,11014672.62,30012198.29,7787505.44,14938234.98,1038393.60,4890457.04,466854065.91,811087.12,128021749.36,4542452.37,75711638.51,32893.91,38080526.58,18642224.07
2021,Março,GO,39975357.37,2306.78,87553.64,7556660.75,35182.17,5342904.20,31745323.00,68052491.93,1236684.06,237018957.63,122514438.74,6948778.62,4446516.80,8614621.52,13872939.48,4850635.04,514252.07,335610808.89,84438.66,118076251.53,780323.21,107736279.92,4920.93,48829798.67,31443337.75
2021,Março,MA,4378299.79,12.15,1125.00,3787791.27,6665.10,326240.74,730033.21,14937232.41,632.13,51422988.79,43627079.86,3857803.96,6461909.59,2672099.96,608414.69,346310.36,87677.03,112905180.98,14240.09,40499872.78,2555.54,29829308.15,5171327.12,30888369.28,4810686.84
2021,Março,MG,180843166.66,-163.36,349757003.48,34253706.13,38730.63,105017333.24,201817227.56,195696976.60,12658471.55,2010841697.04,495215444.22,62691650.48,82593232.35,45434318.31,96143742.32,2885516.51,31946975.54,1100679547.70,4805469.53,346227228.44,7962219.46,778329159.20,941.99,185642858.47,24744361.88
2021,Março,MS,643036.92,-54.77,0.00,72579.08,0.00,626584.98,9669249.81,30100307.68,3352.11,87861492.24,51196581.01,4230627.87,920398.87,3672008.78,8751767.83,3621970.62,10829.87,115739465.56,1901.21,47370464.66,9042.49,42527535.17,0.00,26376969.65,16471010.60
2021,Março,MT,2536082.42,1564.86,0.00,3311781.26,0.00,1813407.63,4581130.20,27258935.46,49571.42,172290807.53,85215300.35,6013237.36,39897094.68,4968328.64,22705142.41,6340984.79,298124.20,164280723.32,49784.37,61244964.22,60343.38,95219826.48,392671.16,27908589.06,7921530.71
2021,Março,PA,7878166.42,328.32,0.00,1953008.71,16995.43,6310849.09,19189856.68,18700610.61,37978875.42,87358684.03,79186872.98,3480533.54,6524073.02,5559650.76,43793490.37,744794.56,12441215.13,165473161.26,2024957.48,61806976.18,40292755.90,47307666.80,1665448.10,50049731.95,2928837.57
2021,Março,PB,4686641.82,-1483.61,0.00,2300606.44,20.70,2582986.29,3099052.57,16288792.67,906.56,38943799.03,56684024.64,2435346.08,581515.64,1911478.31,2127079.41,97047.09,20024.70,80811235.83,3598.96,27340995.69,543.94,28881820.40,0.00,57130889.22,2795843.26
2021,Março,PE,154382507.92,4576.89,0.00,22694947.15,12526746.25,78174285.16,51599720.59,36889126.64,124662.71,205825706.40,153512467.98,10812163.73,15609671.11,9472835.58,5010299.20,207695.21,1211422.29,513611859.20,208666.73,152028537.16,142063.56,131513775.52,28913.73,81217071.44,25142172.62
2021,Março,PI,4125.07,-2.59,0.00,1397570.83,5126.32,0.00,1771209.17,8859177.80,0.00,28546412.33,26595189.60,769844.71,64261.33,2141198.90,512927.97,741902.48,24446.73,38986071.34,4250.37,16511682.79,961.01,16437920.47,0.00,25221690.81,1769668.29
2021,Março,PR,538457654.75,197.44,60.11,3246950.70,20091081.16,274088025.18,157801462.23,131909675.81,40358412.13,670095649.97,369503884.58,48220053.49,42736096.03,25796794.74,71117122.63,3777721.26,11600213.22,1313796788.82,1916068.95,346437931.52,43382210.94,297623610.52,11285480.23,85235216.12,60641679.09
2021,Março,RJ,284949362.33,-205.83,3140159.87,18361251.74,9390669.35,152237656.62,117169619.06,409241710.40,224975718.26,3532419624.29,1708078310.29,643321509.75,897169928.78,117349632.77,117447128.70,246168.14,205546540.82,3566856784.89,33048509.58,894675092.59,143666064.76,1394091743.68,160970461.93,295683149.70,662223319.90
2021,Março,RN,455349.84,5.79,0.00,936198.71,11579.24,214142.53,4454850.94,12023404.55,0.00,51358368.73,48522058.98,1957825.72,642653.38,2445967.36,1691317.58,81813.00,45293.73,71214106.79,7361.32,38393371.56,0.00,30376493.59,0.00,45569123.08,3485629.95
2021,Março,RO,34119.94,-56.13,320.69,57163.42,48134.11,8656.64,5309813.73,18636316.08,219519.80,40715850.47,20161266.27,1439569.78,1697728.18,1292909.09,10248008.08,201851.21,358347.03,39879797.68,58084.30,15492515.38,157801.47,37593029.86,0.00,26610623.34,1912616.43
2021,Março,RR,889.08,0.00,0.00,0.00,0.00,12968.03,45179.69,2912003.02,1726.47,8317916.12,7719332.17,143217.90,21850.02,478192.25,56058.24,137059.43,4054.40,10926712.89,475.17,6121315.34,1981.82,5322441.72,0.00,14408354.54,808355.57
2021,Março,RS,164486213.72,9756.31,88070560.77,13633136.28,41314.37,191697618.22,193603649.79,166463903.19,45707758.03,577393736.86,474306374.40,72427757.88,54102265.12,38209686.87,96736445.79,2205519.08,48323867.00,1074526210.00,7605911.09,301732455.23,29574067.12,273426338.25,1040696.70,140165596.61,40592330.36
2021,Março,SC,1405274110.58,-2360.71,2235.89,12253867.30,20062700.78,684333001.71,266603946.56,178634874.73,1995495.50,468069047.17,225349230.00,74197949.61,27939457.52,26463670.45,42433685.95,928469.61,1510204.25,1845743988.65,273683.11,446297893.54,1266699.22,221725105.68,0.00,62856887.01,44881896.98
2021,Março,SE,25832.84,-196.53,0.00,1386852.61,11159.64,437.99,3787362.49,9702303.44,1429270.54,35950852.68,27117549.47,1719537.37,1488579.55,2446791.48,3970046.57,51171.61,1912142.65,49574273.91,320150.08,21829641.36,1183016.84,20270028.31,0.00,21848371.32,1637443.80
2021,Março,SP,2795288309.56,338961.07,1448342.87,57555780.65,109776518.21,1152146873.68,1273452253.70,1242119718.78,1146536743.38,5253115934.36,4651462437.22,1764497825.22,1700854725.74,639174474.82,2215788515.85,4541819.52,758797324.17,8854028411.29,123299256.97,2231916556.23,848133672.28,2459592607.57,2235694.05,170771125.24,614456815.50
2021,Março,TO,957.00,466.83,0.00,574791.87,0.00,511301.45,1508951.22,5996606.33,0.00,17661258.75,13004585.36,347292.91,84908.49,920758.95,239334.76,843164.83,28700.34,29083066.77,4920.40,13858489.25,4723.71,11598042.94,2238.34,12073423.51,1134344.27
2021,Fevereiro,AC,2489.94,-2.21,0.00,152844.79,0.00,190558.78,43226.60,1987794.11,0.00,12760128.56,8328388.60,542304.47,125071.45,761664.44,462888.35,15335.24,10719.01,12830320.39,1574.15,8218688.86,7341.94,6566858.68,0.00,8150279.03,308919.52
2021,Fevereiro,AL,8849860.01,1588.90,0.00,1396851.68,565.00,10802.46,8667421.46,9466505.29,48.16,27191321.45,33197822.80,862936.60,4569626.74,2047643.06,784383.62,104478.44,34120.62,74064740.62,6143.64,24720086.29,113.85,18655709.88,10719.90,26441934.81,968670.59
2021,Fevereiro,AM,63119032.77,-3.17,0.00,2202318.78,21378.00,12491086.71,2538843.78,10167817.11,254107.30,161308928.71,80569785.10,11283770.10,10654628.54,6015121.10,3966245.04,76455.11,219823.56,343019052.77,35645.85,92345592.07,161617.29,125372133.06,1962906.50,27089088.86,136816632.45
2021,Fevereiro,AP,252703.72,0.00,0.00,0.00,0.00,2451.79,160086.34,2489553.85,0.00,6444713.25,5331470.82,111921.01,30362.29,293105.53,236493.39,6803.13,3770.99,8933224.19,584.19,4213540.85,0.00,4174317.65,0.00,24334612.83,-139234.86
2021,Fevereiro,BA,106351925.80,145.51,4877.62,20313324.85,17480.87,57690468.94,76782219.46,39495905.47,1152715.10,211912129.13,153450103.34,8580936.31,14316321.18,12562366.63,5780063.31,1113643.90,1265121.93,438657093.66,204963.59,141649280.34,773946.07,169403117.67,0.00,72157062.29,-6426786.67
2021,Fevereiro,CE,84209472.68,-17.60,0.00,12877186.45,8813.90,39059635.36,38684140.36,22000455.10,25511278.63,129901932.50,139348275.84,11998202.25,4736642.95,12145385.36,2613369.10,117624.88,25125265.41,766939394.51,4090976.93,101388111.65,15856982.65,97377640.56,3311116.48,55353321.32,7633568.42
2021,Fevereiro,DF,2750381.60,-121.70,0.00,2953020.52,5958.05,413428.89,1499205.57,47816119.26,61227697.50,355410490.38,3016909739.88,229562356.02,83071832.13,138119677.96,524039039.06,61500.36,226024739.97,468535975.84,37557566.75,687609521.49,23812933.90,198326779.61,0.00,1436802387.03,412530068.49
2021,Fevereiro,ES,207829447.19,-315.83,0.00,672754.96,11789151.56,160700650.36,79583777.03,22561831.69,4971266.90,161378153.98,91215754.19,12090529.26,13528240.71,7979050.68,12463210.88,163594.17,5302800.30,429962650.51,892992.42,123732742.63,3937585.55,82319460.89,32872.30,27374100.41,5258120.88
2021,Fevereiro,GO,37233758.25,2068.21,46080.96,8501002.60,10731.19,5118185.18,31108448.35,45478623.23,956348.00,319355894.49,117389417.32,8926247.93,4190686.32,8856889.75,11748649.94,2442126.38,523666.66,389519061.58,79032.79,127915976.77,668550.75,144642044.78,4914.76,48620462.18,8300639.25
2021,Fevereiro,MA,7823847.18,-4.77,0.00,4034903.21,6285.92,305448.00,1427366.29,12309472.52,932.61,45425332.01,38809670.68,1366437.74,633875.53,2923604.30,626399.78,182975.25,50287.41,158473367.96,8129.40,48487545.90,937.25,29536684.83,2592197.83,30608217.20,3871982.80
2021,Fevereiro,MG,159408983.82,-1215.35,397696379.85,45372623.91,12211.75,80847487.12,200984896.44,160945884.54,16800588.11,1034435685.61,504311283.84,60756865.71,42704486.71,44223673.60,84634715.69,2185385.82,33669955.86,1131486031.52,5572170.81,386054502.85,10745753.48,485377636.51,186.30,186164585.48,-55601848.53
2021,Fevereiro,MS,344061.34,-21.24,0.00,173287.04,6385.47,502825.90,9540823.34,17776932.51,1345.01,90066776.69,45055496.05,5346662.93,5139374.10,3482251.79,8453369.89,3855030.51,16003.40,117311948.56,2641.00,49030824.01,3585.95,43234010.87,48615.30,25927579.92,947396.34
2021,Fevereiro,MT,4971051.30,-5.32,0.00,4577551.63,0.00,1388826.00,3915808.42,24933031.57,123040.99,171767669.74,71836214.78,4799304.07,3408969.77,3805691.40,21172278.37,3958174.62,255657.21,154066972.79,41970.43,56543642.46,119654.77,99058459.97,655.19,27918873.14,6210198.72
2021,Fevereiro,PA,14918689.73,549.81,0.00,2055902.86,19252.72,6663385.40,21830544.94,15548829.65,19321552.87,89961400.29,79903896.00,3876883.19,6078743.12,4766475.45,16908454.09,502314.99,13117384.87,134130030.34,2136831.00,54940444.52,14151538.13,48250990.12,1739212.05,49811596.54,-181698.95
2021,Fevereiro,PB,4201247.48,-1712.67,0.00,4235125.80,68127.96,3568740.81,4081477.58,11098356.14,943.70,41658273.75,56171332.92,1840580.79,252532.28,2221132.43,2217466.08,1110757.36,21046.26,81704379.46,3993.29,31581799.57,699.61,27438315.75,0.00,56591789.92,1598165.96
2021,Fevereiro,PE,122883039.96,5934.20,0.00,28136425.74,7201769.70,56253737.61,51718347.07,32931726.97,5075841.49,163095563.84,151354225.04,12384494.24,6699392.38,10895463.35,15881121.74,246443.23,803763.08,497888795.32,128735.30,145954754.28,212194.91,116083656.76,2161921.50,78793079.04,48867387.59
2021,Fevereiro,PI,4126.67,-3.40,0.00,1316781.81,0.00,0.00,1979872.33,7468446.41,0.00,27493390.12,27589885.54,886712.47,131439.13,1967081.85,420581.84,766214.16,24268.14,43003755.36,4330.52,18413466.86,961.01,17418511.29,0.00,25113037.78,561426.14
2021,Fevereiro,PR,399670379.63,141462.15,103.10,7837905.75,49285287.43,167763941.22,136795068.90,115213906.63,17881197.66,554476800.37,319333478.90,55496790.06,59793012.62,25876917.55,69031520.96,4665900.63,11644001.44,1139122367.63,1893226.66,332708297.91,11607756.70,268852545.44,19701962.68,83631033.09,27643606.96
2021,Fevereiro,RJ,266699868.25,-1164.46,3206480.76,24581303.04,20995305.73,141520901.38,122125438.54,236890001.46,273177583.83,5601334273.96,1306232237.10,646012257.90,491727839.31,114594347.23,133680820.26,408646.50,311043077.91,2333806056.45,50462600.58,625287414.64,171771526.66,1548222514.70,688077.58,314565122.91,610540634.36
2021,Fevereiro,RN,130140.54,-3.51,0.00,1261321.51,9513.52,56306.57,4773629.05,13261799.91,500.00,48572706.36,52710012.54,2234782.24,466050.37,2347010.00,1706789.91,57844.49,69464.94,70980276.60,11293.76,31289870.13,554.06,29306458.03,0.00,45094134.61,1765601.75
2021,Fevereiro,RO,1635840.32,-54.92,320.69,162316.54,32463.57,0.00,5005279.46,6845588.49,238183.22,234729941.29,21690186.03,1524366.97,410500.93,1356609.71,9282390.02,144802.77,391655.35,108412151.33,59922.17,32795638.42,202050.18,93618558.05,0.00,26761209.93,781378.15
2021,Fevereiro,RR,48159.13,0.00,0.00,0.00,0.00,23909.30,41934.95,1949365.56,0.00,7152359.23,8015805.80,134523.45,33997.50,689347.50,42359.85,104268.56,14938.83,9329490.77,2427.56,5981073.91,1326.98,4815597.32,0.00,14210329.24,-20199.95
2021,Fevereiro,RS,131504026.42,44214.53,89158002.08,15032586.81,44605.43,149708995.84,183601525.15,104118622.97,42501748.58,502589247.31,428537581.07,67965118.22,47705263.95,37168881.60,97785815.63,1749566.45,44358728.01,992809579.87,7036621.06,293809591.80,26699303.17,256654075.58,1303546.50,139457217.97,35138303.86
2021,Fevereiro,SC,1105443616.83,33057.29,2120.06,16712471.31,16044703.91,529769024.37,240911426.17,71027946.28,2447321.25,521910168.44,221153923.56,31691759.22,19460220.83,19967851.40,41238700.89,587100.72,1608231.77,1550578736.20,271730.54,387848987.43,1522809.85,241341409.29,18.14,61742857.74,69287192.11
2021,Fevereiro,SE,24071.17,-2.01,0.00,1349014.69,4219.38,601067.76,4842388.82,7645567.78,367786.18,36592358.20,28516719.04,2039148.36,1232485.48,6411340.60,4703011.45,139626.33,2001906.75,48772815.45,336296.29,20015274.89,298148.87,21506108.99,0.00,21584620.39,907067.39
2021,Fevereiro,SP,2087253605.15,343722.20,1406615.70,62429445.98,157350863.04,881932449.25,1198889631.79,739018961.36,817447816.10,4860203290.59,3491228358.85,1692142058.23,1713267395.47,562712071.07,2181577554.10,8738855.47,544293530.18,8176475167.96,88762093.60,2160199577.90,479680124.99,2336300374.48,43147.15,169059208.66,559163179.85
2021,Fevereiro,TO,104.51,-3.27,0.00,280172.86,5799.88,0.00,1040175.31,7257549.01,47549.99,25873327.10,13135887.61,396779.52,156666.71,869762.39,229828.36,748956.47,27849.54,27939363.99,4649.72,13459441.25,37015.62,16729392.54,0.00,11920740.44,654326.98
2021,Janeiro,AC,76795.44,0.00,0.00,105275.63,0.00,3545.96,59271.27,5374486.90,0.00,17108062.16,9935088.63,478308.52,113288.68,744212.40,271585.88,35304.29,13176.81,16832444.33,2136.39,8495911.07,21748.64,10585919.84,0.00,8217844.23,413860.24
2021,Janeiro,AL,5715775.36,1585.75,0.00,2429997.03,0.00,1997.98,6400693.99,19307175.31,10140.80,63994914.25,38986543.32,2853003.64,2548646.56,2374023.23,239653.79,137016.39,74218.10,74518629.18,12959.69,31995326.55,6235.03,36554364.81,10709.73,26775521.36,1418540.16
2021,Janeiro,AM,66881522.07,-3.73,0.00,2939901.98,56217.13,10996827.11,3330145.66,20780414.79,5726450.21,268293675.41,113592534.53,48580623.75,147533080.17,6539435.57,3033203.48,90670.73,322131.95,363329170.06,51166.41,98746015.95,5390744.78,187035193.44,1008054.70,27782539.77,29504031.94
2021,Janeiro,AP,807.20,0.00,0.00,0.00,0.00,793.74,663626.07,4994315.81,0.00,30524450.56,6366269.14,79478.28,23700.73,174503.03,1265.19,20720.60,37544.15,7494516.46,6100.92,5666953.61,0.00,11399181.43,0.00,24095052.99,843580.36
2021,Janeiro,BA,83900454.53,126.03,21850.07,27972323.91,0.00,46552559.36,75435702.27,104256729.62,2722364.03,450613838.79,203536901.10,64412775.78,15942140.06,17832268.22,2939355.29,994626.80,2455118.04,551037391.15,398259.76,165213503.07,2569586.41,293427642.87,0.00,73395132.47,11921605.11
2021,Janeiro,CE,102472464.25,-19.20,0.00,16842922.36,11406.24,48216983.67,37742790.89,47841199.32,197686915.38,487431762.22,222336822.09,44387671.60,12028884.15,13597385.87,1688817.59,139035.23,26766800.87,412657707.99,4358357.57,119526520.76,210310254.90,261530154.16,2561229.45,55760634.85,34115508.25
2021,Janeiro,DF,3487980.68,-82.98,0.00,2387292.35,0.00,855703.20,2298761.43,75858959.06,449571026.70,1225760813.22,3219108040.25,271191278.87,68091655.61,259940010.15,322128049.69,115563.05,276656693.47,529323678.34,45721775.69,146422966.39,250496305.59,602225883.14,0.00,1458747506.46,883124686.87
2021,Janeiro,ES,215579432.01,-174.29,0.00,1363284.21,12337992.64,163818867.20,73147103.51,40722114.39,4901524.69,375654451.29,132325753.48,17854329.28,20649192.36,8835307.12,4950946.59,115352.82,7146640.19,462743595.42,1186258.16,131256887.70,3810940.19,185268838.05,32847.35,32620119.26,12149239.69
2021,Janeiro,GO,35618836.86,3230.15,116879.27,6626552.56,29809.02,6825783.91,25577127.65,76290810.15,710434.06,626879197.00,174691269.45,21817201.03,13768559.82,9350129.28,5552800.45,3380589.93,576334.08,446783418.85,78898.10,146284155.75,544622.63,264270840.20,4964.13,48824630.85,5173464.33
2021,Janeiro,MA,7710140.06,37.69,0.00,4668013.32,5807.05,849124.61,1047275.44,52646215.88,5752.01,113848171.34,52409922.30,8280993.86,135431.22,3361177.66,354945.13,302347.05,48655.15,241721949.94,7569.96,68826698.17,5194.65,76501391.30,3442747.56,30952822.22,2507630.52
2021,Janeiro,MG,147900857.79,-698.00,436924545.98,30888801.97,24704.53,75671372.18,182697198.50,318290936.95,66014056.55,4561891586.60,780851209.86,207800521.68,80655389.83,57654784.55,53944002.45,2690429.11,37063141.26,1248825941.84,6015020.70,402466314.81,51346100.65,1926067725.93,1817.58,188320775.73,28194956.41
2021,Janeiro,MS,200202.17,116.94,0.00,72466.24,8422.40,250510.15,8934170.95,46168666.52,587158.84,186435408.86,71346540.34,13215807.98,607153.77,4083488.67,2808756.72,5189884.79,13582.97,122605911.53,2116.18,50372998.70,707750.53,87668256.13,32983.20,26503975.65,7644742.61
2021,Janeiro,MT,4356566.32,4298.41,0.00,7512333.94,0.00,2042155.00,4413557.10,56714066.07,2112365.34,364423809.04,110167168.08,10778682.55,1916156.44,6669725.06,9832438.78,5293609.06,361381.22,190970583.77,59833.42,75172707.16,2238796.39,194936666.75,195911.88,20792983.80,8823976.19
2021,Janeiro,PA,10626460.72,35.52,0.00,2336150.87,8411.92,6217640.58,19921940.35,33755515.75,15551980.17,208421057.20,105473439.21,4261585.05,5598627.37,5297936.53,10808212.33,668533.12,14016548.55,193662677.81,2275297.20,68574990.42,11278229.80,121325680.98,3026200.29,50270821.10,3000408.91
2021,Janeiro,PB,6269371.62,-938.17,0.00,3506355.79,40141.13,1366775.51,3952917.32,25607136.90,14077.57,93821247.42,68707252.30,4350509.20,764909.49,2792240.63,971248.60,229850.96,26699.08,92613758.04,5148.58,34158634.66,9118.61,60693236.40,0.00,56976372.23,2575759.71
2021,Janeiro,PE,136804718.48,4949.05,0.00,34676078.18,8986324.37,60085089.91,53222199.61,65994064.02,486330.20,392058726.15,211636608.40,38235132.19,10176503.13,10118173.79,10469658.17,199666.35,1257644.07,576610611.62,211493.52,164697477.80,376830.77,232264015.12,5370132.15,82698023.96,12617543.44
2021,Janeiro,PI,5709.05,-4.49,0.00,2566262.67,6210.87,134.04,1962463.62,18413920.99,24536.41,97915437.88,34549382.93,6736385.44,1648281.00,3004211.44,293627.07,678057.15,58933.68,61064819.65,9945.94,23703555.64,22811.71,58479073.54,0.00,25234426.11,1675237.52
2021,Janeiro,PR,506318391.31,-857.33,343.20,9528242.76,53149864.13,218835937.10,163626999.68,195017761.34,68157328.11,1489391632.44,546813810.59,177968582.06,74793962.71,41604679.28,37213781.78,2597637.86,12397829.22,1505305067.86,2011202.97,399686615.35,71774733.87,706294229.55,14804940.01,85199606.12,34489465.55
2021,Janeiro,RJ,287914074.67,-645.56,2365310.94,7320019.03,28484096.35,154788221.52,130408875.90,436249251.48,1961676954.65,3903733645.87,1815200775.44,781323751.88,413748261.81,125628742.56,112929294.71,458500.24,160308279.98,2914988269.16,25844876.07,1202988619.84,1633306930.02,2094316041.08,694396.32,270346131.26,678768305.36
2021,Janeiro,RN,1240478.39,50.55,0.00,1629153.02,56717.43,626590.45,4985169.05,48455347.88,67411.46,144822172.06,58868787.97,11522150.77,3449444.12,2479047.21,652502.23,91297.24,87652.18,106031392.43,14165.51,40741532.24,31139.90,75472122.61,0.00,45110698.38,3627245.86
2021,Janeiro,RO,717589.57,-56.36,320.69,174592.70,779.17,4328.32,7453166.51,12543883.22,4262702.92,63724465.39,29812805.94,2700152.14,109120.82,1438345.86,4939939.41,260792.19,507064.09,47165875.01,72567.15,21132915.91,3073521.93,38437722.36,0.00,26829686.19,973957.79
2021,Janeiro,RR,21938.30,0.00,0.00,259.37,21766.54,23585.69,72637.53,4500420.54,22974.28,18279739.11,8443310.78,286109.61,35314.67,571114.50,16497.89,90236.55,27962.03,10040224.03,4542.06,7186546.42,31118.77,9957736.13,0.00,14398301.61,464485.55
2021,Janeiro,RS,152812440.93,875.71,125052868.92,15817066.60,23777.56,141494179.89,176314165.67,286573206.46,132122441.54,1577502839.73,690397305.97,158888975.07,52869341.86,43974633.31,48946307.86,1951658.17,41381601.21,1069355020.65,5908573.26,342606984.33,121002414.56,740229519.40,1733071.51,142211499.30,28185644.84
2021,Janeiro,SC,989607259.03,-2240.43,2033.79,11701185.03,28939850.43,510691151.15,197884268.53,121525928.89,6132982.96,1466233633.75,369884878.73,110009389.43,24264201.69,24298376.75,19283813.70,493425.62,1803916.37,1546760661.81,303813.41,396110921.56,5507603.84,692067365.78,0.00,63298499.31,42385964.50
2021,Janeiro,SE,24518.07,-178.23,0.00,3238296.20,11283.79,775.52,6128417.01,18963557.32,7778912.17,53516853.20,35308963.68,4920862.63,2303972.06,2463128.56,2253156.07,49349.97,3795473.30,53885768.39,631133.21,24788168.64,8425666.66,33006998.75,0.00,22072694.83,410389.15
2021,Janeiro,SP,2214330811.82,373759.63,1451900.92,67236147.60,181762012.89,910549411.52,1259635424.25,1348282499.05,2837593862.41,13750386143.55,5805238471.61,2358682586.05,3741085872.63,598592392.49,1532997558.06,6633628.81,1001658525.01,9154417107.36,161570352.26,2331976102.29,2301428937.78,6041301744.76,5337076.39,177594830.81,627698445.55
2021,Janeiro,TO,25267.09,316.14,0.00,509697.16,0.00,849.56,1673139.13,12553835.30,29548.89,42840387.63,19825369.26,4888584.55,154651.50,1201525.37,160392.82,846971.26,29546.67,35920463.85,5093.87,18641417.00,25670.13,26025254.20,0.00,12043258.44,1135870.74
2021,Janeiro,TOTAL,4980620863.79,383482.80,565936053.78,264048672.48,313965595.59,2360770894.83,2448989208.89,3497682419.91,5763970232.35,32075508122.12,14935815225.38,4376505432.89,4695015744.26,1254620999.09,2189681811.73,33754755.34,1588893093.70,22036666656.53,256768657.96,6527441441.79,4683743008.74,15067342798.71,38257082.25,3097074389.29,2463844547.15
,,,,,,,,,,,,,,,,,,,,,,,,,,,
